City,Latitude,Longitude,Temperature,Humidity,Windspeed,Cloudiness
barrow,71.2905556,-156.788611,24.82,80,23.02,100
tezu,27.9254195,96.1647135,71.94,47,0.92,0
katherine,-14.4646157,132.2635993,93.51,38,8.05,29
nanortalik,60.1400246,-45.2428523,27.86,87,3.2,100
tuatapere,-46.1323096,167.6907627,65.89,51,5.44,83
kavaratti,10.5672203,72.6394636,81.5,72,4.79,1
morehead,38.1839705,-83.4326841,59.86,25,4.61,0
mahebourg,-20.4111041,57.7060616,73.78,83,6.91,40
tuktoyaktuk,69.4440189,-133.031904,1.4,78,8.05,20
iqaluit,63.74944,-68.521857,18.91,62,10.36,75
fairlie,-44.097582,170.8289409,62.65,68,5.66,88
dunedin,-45.8740984,170.5035755,59.38,73,10.47,88
hermanus,-34.4175,19.2361111,59.09,87,6.67,49
saskylakh,71.9649533,114.0939433,-25.11,99,5.23,47
hasaki,35.7529706,140.8201321,61.2,50,14.03,0
butaritari,2.9205375,172.91886331442205,80.49,73,6.06,18
limon,44.202726,7.576336,41.05,67,2.19,95
bocaranga,6.995897,15.638835,67.46,52,2.37,100
isla vista,34.4115125,-119.8562131,55.6,83,4.61,20
bria,45.82,-0.249167,55.02,80,13.8,0
jamestown,-15.9277296,-5.7160872,65.95,76,13.53,10
adrar,27.8733807,-0.2874884,61.02,20,11.5,0
massakory,12.996486,15.7349101,79.03,21,9.42,11
geraldton,-28.77035,114.6147159,69.96,60,13.8,40
albany,42.6511674,-73.754968,51.49,54,10.36,0
pacific grove,36.6211149,-121.917794,54.03,72,13.0,100
tsihombe,-25.318547,45.484057,71.55,89,2.37,0
barentsburg,78.065362,14.2172367,22.6,94,8.16,100
nurota,40.5590414,65.6860362,38.95,67,9.24,95
avarua,-21.2074736,-159.7708145,76.98,65,8.05,75
baringo,-0.2916346,35.6496601,48.4,94,3.15,100
ushuaia,-54.806115899999995,-68.3184972880496,56.89,54,17.27,75
busselton,-33.644499,115.3488754,66.56,58,8.08,91
caibarien,22.524317,-79.471931,74.52,77,12.97,2
price,39.600808150000006,-110.80634785005043,56.43,30,13.8,0
terrace,54.5172715,-128.599548,21.11,32,10.36,75
olafsvik,64.8959304,-23.7084345,42.33,76,17.45,100
viedma,-40.8084274,-62.994722,72.97,32,17.83,61
tiksi,71.636604,128.868546,0.3,91,15.05,100
yulara,-25.2410108,130.9869405,91.56,22,16.8,94
salina,38.8402805,-97.6114237,51.87,46,9.22,0
hofn,64.2532647,-15.2080441,43.52,92,25.61,100
sorong,-0.8634105,131.2544805,82.58,76,6.85,100
belushya guba,71.5376984,52.3427343,28.98,87,23.96,77
arraial do cabo,-22.9662839,-42.024427,67.98,88,2.3,75
nikolskoye,59.7034799,30.7861084,38.97,92,9.73,100
airai,-8.92655,125.40922,75.31,55,1.16,85
kapaa,22.0747334,-159.3191601,80.1,75,12.66,75
varberg,57.1057412,12.2502949,52.2,93,15.14,100
vaini,-21.1925671,-175.1772797,80.89,74,6.91,20
hilo,19.7073734,-155.08158,80.83,74,11.5,40
hobart,-42.8825088,147.3281233,77.22,38,3.29,25
coquimbo,-29.9531928,-71.3379884,57.07,94,2.3,100
san patricio,27.9695325,-97.7731720386266,76.62,85,8.97,0
samdrup jongkhar,26.7979904,91.5042263,71.67,62,2.53,0
ponta do sol,32.681067,-17.104073,66.25,85,3.31,72
georgetown,6.8137426,-58.1624465,77.29,89,4.0,100
maningrida,-12.0524203,134.2267293,91.58,53,7.99,100
lagoa,37.13258125,-8.45505094811731,65.68,88,7.63,100
mar del plata,-37.9977225,-57.5482703,60.62,88,14.0,0
yellowknife,62.4540807,-114.377385,5.18,85,5.75,75
kaitangata,-46.2817388,169.8464139,56.84,74,6.71,100
victoria,48.4283182,-123.3649533,37.04,68,25.01,100
grand river south east,-20.2907247,57.7851931,73.9,83,6.91,40
port lincoln,-34.7211905,135.8592218,81.45,39,14.14,100
hami,42.817404,93.5142008,49.24,26,1.32,100
general pico,-35.6591085,-63.7576103,70.97,27,15.82,19
panama city,30.1600827,-85.6545729,71.62,87,4.83,41
new norfolk,-42.7801998,147.0615332,77.14,33,1.01,18
yaan,7.383333,8.566667,73.62,46,1.81,99
vestmannaeyjar,63.42704985,-20.269317184750797,42.8,86,22.08,100
punta arenas,-53.1625688,-70.907822,53.89,71,17.27,0
saint george,12.0535331,-61.751805,81.48,83,18.41,40
mataura,-46.192734,168.8642685,65.48,37,3.29,83
khatanga,71.9819205,102.4714765,7.25,96,3.83,100
miri,4.392739,113.9880255,82.51,83,8.05,40
chuy,-33.6937948,-53.4561114,58.53,84,8.95,15
bethel,60.7922222,-161.7558333,37.74,93,27.63,100
longyearbyen,78.2231558,15.6463656,23.27,80,13.8,75
codrington,51.508188,-2.3936619,51.4,93,4.0,100
lac du bonnet,50.2548984,-96.0621364,28.18,76,4.09,100
kodiak,57.79,-152.4072222,36.91,87,17.27,100
cape town,-33.928992,18.417396,57.92,88,1.14,0
japura,-23.469273,-52.55572,61.39,64,3.11,33
ust-kut,56.7810026,105.7460255,23.13,86,10.96,100
saint anthony,45.0283001,-93.2187368,34.7,66,6.91,0
samusu,-13.9974088,-171.4288872,80.35,76,16.69,92
belyy yar,53.596436,91.382362,22.82,87,0.0,100
yalutorovsk,56.654934,66.312752,27.23,94,7.83,100
saint-philippe,45.3584499,-73.4790045,47.97,47,9.22,20
acapulco,16.8680495,-99.8940182,79.57,87,5.35,43
ribeira grande,37.8225227,-25.5194914,60.12,97,6.91,20
kunigal,13.0260158,77.0222704,67.03,87,5.84,12
kosh-agach,49.9947055,88.6628218,25.86,69,2.33,95
ancud,-41.8682162,-73.8287225,54.12,94,2.08,99
atuona,-9.8037347,-139.0425737,77.81,69,12.97,100
asayita,11.5653325,41.4385892,76.48,63,6.64,2
luderitz,-26.6500086,15.157266,61.47,86,8.77,89
moen,59.2114556,11.0113806,35.4,92,2.37,63
potiskum,11.7122553,11.0762744,71.17,24,8.19,7
touros,-5.1998625,-35.4595051,78.13,75,10.29,100
puerto escondido,15.8693331,-97.0726428,79.27,84,3.78,45
ankang,32.7165184,108.9912989,62.85,60,4.43,100
bara,48.4255768,21.7170417,47.43,96,1.25,41
bredasdorp,-34.533055,20.042778,55.98,92,5.88,48
rikitea,-23.1229544,-134.9680141,73.78,92,17.56,100
perivolion,38.8315483,22.0890487,51.89,85,0.65,0
paka,4.636872,103.435976,76.96,94,0.0,40
bonthe,7.527274,-12.501955,78.3,84,3.6,98
puerto ayora,-0.7471674,-90.3134198,68.2,85,4.0,86
jinji,32.5604241,119.0688907,65.1,60,8.61,8
clyde river,46.2239354,-63.2576799,49.06,61,14.97,75
comodoro rivadavia,-45.8632024,-67.4752615,72.05,35,2.3,40
lewistown,47.0639275,-109.428213,12.6,84,11.5,100
illoqqortoormiut,70.4850588,-21.9641992,16.25,66,4.97,100
cururupu,-1.824255,-44.872996,75.78,91,3.6,79
chimbote,-9.0744966,-78.593609,63.28,85,8.16,10
kefalovrison,39.8911466,22.0726041,47.75,82,1.95,0
bengkulu,-3.7922858,102.2623797,76.24,87,2.77,100
margate,51.3878174,1.3819699,57.49,81,11.01,99
cidreira,-30.1657063,-50.218331,61.27,83,11.14,16
kandrian,-6.2074238,149.5476443,86.43,67,7.27,95
waingapu,-9.652179,120.2636908,87.06,63,6.6,83
lebu,-37.6099644,-73.6559477,53.56,86,10.51,100
baruun-urt,46.68094,113.28347783638328,34.68,33,15.14,56
torbay,47.6576953,-52.726986,58.68,97,26.46,100
san juan de los morros,9.9152306,-67.3569141,71.26,94,1.45,86
cabo san lucas,22.8938884,-109.9200604,73.92,68,11.5,20
port alfred,-33.5981844,26.8914772,64.06,88,5.01,100
deputatskiy,54.8408485,61.1269918,23.49,91,5.75,100
souillac,44.8980172,1.46943,53.44,81,7.67,31
broken hill,-31.965,141.4511111,77.86,32,8.12,100
north branch,45.5113515,-92.9802176,34.38,77,7.05,99
masyaf,35.0620038,36.3437605,54.66,91,3.06,100
qaanaaq,77.4686357,-69.2222746,-0.76,97,3.83,100
nizhneyansk,71.440445,136.130646,4.15,94,18.41,100
ola,35.0323119,-93.2232345,65.73,75,5.73,100
grand island,40.924271,-98.338685,45.54,32,16.11,0
bluff,-46.59882,168.3433685,65.93,71,9.91,77
nacogdoches,31.6035129,-94.6554874,73.53,89,4.61,0
kashan,33.9876533,51.4428856,49.62,49,0.0,0
rincon,32.2960289,-81.2353905,70.59,64,5.75,75
faya,17.9209323,19.0953202,72.77,18,19.55,0
port elizabeth,-33.9617051,25.6207519,60.91,88,16.11,0
san ignacio,17.1527588,-89.0761718,75.18,88,0.0,0
storforshei,66.4044787,14.5277523,24.57,86,2.3,4
anloga,5.7936484,0.8984702,81.05,79,6.13,18
malwan,24.2274552,73.35321000182395,72.41,41,4.54,78
fortuna,40.597407,-124.156034,43.93,94,6.91,75
provideniya,64.4237364,-173.2273726,30.99,74,21.99,100
attawapiskat,52.9244075,-82.4270112,30.2,86,18.41,100
manggar,-2.8672641,108.2759285,79.65,80,2.3,100
amderma,69.7522076,61.662267280204404,24.44,93,4.56,100
aykhal,65.9516363,111.4917562,-4.68,100,2.53,97
la ronge,55.1005283,-105.2900485,12.38,79,8.05,100
novobirilyussy,56.95171,90.685806,21.79,98,3.85,78
sao filipe,14.8952963,-24.4969361,77.74,66,5.84,100
karakol,42.4916808,78.3901729,37.26,64,6.62,100
hithadhoo,1.7959425,73.38755195657038,81.36,77,13.29,32
agadez,16.972556,7.990739,71.4,21,10.13,4
tecoanapa,16.9875,-99.258889,73.89,98,0.13,76
tura,47.3900474,0.6889268,52.5,83,12.66,0
hennebont,47.8058026,-3.2751174,55.22,90,17.27,75
saint-augustin,48.7858921,3.0292059,49.53,96,13.06,100
east london,-33.0191604,27.8998573,67.66,86,13.31,100
norman wells,65.282401,-126.832725,1.44,85,6.91,20
gorom-gorom,14.4445805,-0.2345411,77.31,12,9.06,100
tateyama,34.9965304,139.8699838,64.99,53,13.71,0
avera,43.3896226,-0.1768284,53.89,74,4.61,0
bilma,18.69293,12.91872,69.31,24,9.66,0
poum,-20.2316547,164.029894,77.88,80,14.43,100
komsomolskiy,43.98266,46.6950001,50.5,60,18.03,99
sistranda,63.7301981,8.8297021,40.89,70,8.25,100
kuche,41.7116961,82.9583247,45.68,37,1.7,46
upernavik,72.7847392,-56.1469625,6.55,88,6.33,92
necochea,-38.5545494,-58.7392624,62.04,47,17.67,0
coruripe,-10.1249963,-36.1760623,74.25,93,7.65,49
narsaq,60.9127453,-46.0452698,30.45,76,6.51,100
kiri buru,22.0833732,85.3499937,69.48,70,1.54,2
bandarbeyla,9.4952646,50.8127815,77.13,78,3.13,3
la rioja,-29.4127411,-66.8558795,76.41,33,8.08,79
lavrentiya,65.5837793,-171.0058116,28.54,97,23.64,100
vanimo,-2.6847646,141.3009131,83.16,81,2.55,100
palabuhanratu,-6.9882409,106.5503728,81.12,77,0.4,100
lasa,50.4291723,2.8319805,52.93,78,16.69,100
pingzhuang,27.242778,119.705278,72.19,61,1.39,5
tasiilaq,65.6152573,-37.6378149,30.16,97,4.47,100
ilulissat,69.2197127,-51.0986385,-7.87,88,6.51,16
phan rang,11.5769829,108.9865391,80.91,68,5.44,100
muros,40.678061,8.617315,54.05,89,4.72,14
winder,33.9919085,-83.7184368,69.03,88,0.0,40
port moresby,-9.4743301,147.1599504,88.75,62,13.8,40
ibatiba,-20.2342792,-41.5082981,61.88,96,3.22,89
ponta delgada,37.7394344,-25.6683618,59.72,82,6.91,20
rawannawi,2.0520799,173.2627529,80.2,69,6.04,33
pisco,-13.7099813,-76.2029793,62.49,82,10.36,0
aguas formosas,-17.083056,-40.935555,64.18,88,1.86,100
arawa,-6.2262566,155.5651139,84.79,78,6.82,66
fjerritslev,57.088801,9.2731047,51.62,94,13.94,98
venice,45.4371908,12.3345898,44.1,87,3.44,0
bambous virieux,-20.347199500000002,57.76474767388835,73.96,83,6.91,40
pevek,69.7028171,170.2746851,1.65,96,2.06,16
ahipara,-35.1664105,173.1562074,61.84,88,14.61,93
peniche,39.3566221,-9.3812853,63.36,94,14.0,100
sitka,57.0524973,-135.337612,35.42,25,0.0,0
linxia,35.4787351,103.038525,48.33,58,1.74,7
coralville,41.6759977,-91.580705,41.23,59,1.99,89
salvador,-12.9822499,-38.4812772,78.53,73,13.8,40
vaitupu,-7.4769458,178.6807836433052,82.85,72,9.89,26
aklavik,68.2182579,-135.013585,0.14,86,10.18,100
riyadh,24.638916,46.7160104,66.58,58,4.09,0
grand-santi,4.2734484,-54.3810948,72.39,100,2.35,100
montes altos,-5.8316731,-47.0658003,76.42,84,3.24,100
demerval lobao,-5.3640643,-42.673993,78.21,82,0.96,100
tabuk,28.4012536,36.567049,60.85,39,4.61,0
keshan,48.3018103,125.381993,36.21,48,8.25,6
wulanhaote,46.070838,122.0698453,43.65,27,7.63,65
haines junction,60.7527212,-137.5100384,-5.85,77,1.14,95
le port,42.8662832,1.3740316,51.39,48,8.37,99
arkhangelsk,64.543022,40.537121,39.11,100,2.24,75
kahului,20.8894101,-156.4727118,84.58,62,21.85,40
potsdam,52.4009309,13.0591397,50.61,93,8.63,59
hearst,39.4915482,-123.2147312,40.37,94,4.29,100
talnakh,69.4939889,88.3907607,-8.43,100,5.21,89
diveyevo,55.041687,43.245518,32.72,98,7.43,100
jardim,-21.479941,-56.148902,66.52,55,5.01,97
katsuura,35.1521846,140.3207449,64.09,66,10.33,0
oksfjord,70.2394948,22.3505275,35.62,87,3.69,94
pundaguitan,6.375915,126.1643773,82.85,74,2.37,68
coihaique,-45.5711804,-72.0684863,53.85,87,5.75,0
castro,45.802987,10.06706,50.86,44,1.99,67
makubetsu,42.9084894,143.3561446,42.48,58,0.56,70
baykit,61.6808261,96.3830221,9.34,99,3.15,91
guerrero negro,27.9709506,-114.036389,65.82,74,12.48,54
chokurdakh,70.6193824,147.902397,-11.33,96,11.16,56
ambilobe,-13.194439,49.049956,70.61,77,5.03,100
aksu,54.846351,50.8055345,29.75,97,6.93,78
severo-kurilsk,50.6683048,156.1154399,39.56,75,17.83,83
salalah,17.0174945,54.1010923,74.1,72,2.24,0
stettler,52.3228746,-112.71302,4.75,100,9.22,100
bilibino,68.0550305,166.4448515,-2.94,95,3.96,59
raciborz,50.090525150000005,18.21514950291531,45.52,92,9.08,97
rawlins,41.7907878,-107.239176,49.89,43,9.22,0
half moon bay,52.3472138,-114.1766304,4.3,90,7.99,100
lakes entrance,-37.8794582,147.9943828,70.86,53,7.54,0
port-cartier,50.0187481,-66.8756913,42.58,59,18.28,14
jalu,29.0331149,21.5482209,62.08,80,9.6,0
llanes,43.4211205,-4.7530835,66.88,71,8.03,100
zhezkazgan,47.7964459,67.70618078166055,24.84,80,13.42,40
karaul,58.2762328,48.306824,30.78,95,8.39,100
rio grande,-53.7856766,-67.7016369,51.84,76,13.8,40
onalaska,30.805746,-95.1163261,76.37,83,5.44,81
muisne,0.6104236,-80.0185958,74.21,76,5.57,80
asilah,35.461928,-6.036545,64.29,87,7.9,33
carnarvon,-24.8826131,113.6576486,70.66,56,14.27,5
kalamata,37.0377582,22.1109392,61.11,70,3.44,0
berdigestyakh,62.098289,126.699837,-11.25,95,1.99,35
jabiru,-12.6738286,132.8365938,99.99,35,2.91,100
nazarovo,56.011593,90.418503,22.84,97,3.51,85
coahuayana,18.6220145,-100.3484789,69.76,87,3.87,0
koslan,63.456226,48.894211,33.82,98,8.05,100
umzimvubu,-30.82491,28.92177617804983,58.06,94,2.04,100
thompson,55.743347,-97.863464,-7.42,84,0.0,0
okhotsk,59.3643921,143.2410816,8.42,64,21.5,4
ewa beach,21.315603,-158.008804,82.29,62,14.97,51
baisha,19.2262487,109.4475116,71.2,93,3.09,100
tirumullaivasal,11.2417391,79.8428846,76.82,89,10.74,100
porbandar,21.6409,69.611,76.19,63,8.12,3
cap malheureux,-19.9859951,57.619612,70.45,77,3.0,40
tautira,-27.145219,-109.430579,70.56,73,10.36,20
thanh hoa,19.811719,105.7745698,76.12,68,4.03,5
belmonte,39.5592831,-2.7038117,50.45,44,6.89,92
hasilpur,29.6889811,72.5525446,65.32,62,7.14,0
thap than,15.4607614,99.8906508,77.92,79,5.59,14
daru,-9.069901,143.210029,79.18,87,3.31,100
port hardy,50.7244402,-127.4976081,35.58,51,23.02,20
la plata,-34.9206797,-57.9537638,66.56,68,13.24,0
santa maria del oro,25.9540852,-105.3669215,63.72,27,4.85,14
clarence town,23.0917159,-74.960639,81.46,69,15.01,1
san policarpo,12.1805518,125.5074292,83.84,78,6.15,100
berlevag,70.79904505,29.150528646532546,26.01,86,6.91,29
esperance,-33.858228,121.8931606,60.51,72,16.13,100
porto velho,-8.7494525,-63.8735438,77.05,88,2.3,11
bahua,26.4839219,78.5369468,71.4,58,5.41,4
bubaque,11.29969595,-15.833543367212418,83.73,63,13.42,78
gari,59.427441,62.35247,23.59,96,5.59,100
kidal,18.4408358,1.4075395,71.94,16,10.74,85
hirara,24.926431,125.2411151,75.24,88,16.11,75
havelock,34.8785,-76.9014457,67.48,89,1.01,40
aleppo,36.19924,37.1637253,56.05,79,9.35,100
mazagao,-0.1160565,-51.2861759,77.05,98,3.09,100
tawkar,18.85178525,37.89893298813189,84.76,69,8.16,43
vazante,-17.9896107,-46.9003899,71.42,71,1.07,95
ixtapa,16.8032586,-92.9053697,64.22,95,4.59,55
cascais,38.72240025,-9.396909171649877,63.36,87,14.0,75
balkanabat,39.5116273,54.3539921,41.45,56,5.01,0
makakilo city,21.3469444,-158.0858333,80.42,64,19.51,49
lorengau,-2.0329567,147.2789185,84.16,74,5.5,100
santa isabel do rio negro,-0.4160389,-65.0153096,73.99,96,1.03,97
oranjemund,-28.551932,16.428415,59.14,95,8.48,41
rodionovo-nesvetayskaya,47.6135406,39.7012529,32.58,84,9.37,8
faanui,-16.48243875,-151.73383197031578,77.95,73,6.98,18
ngunguru,-35.6333633,174.5007751,60.82,98,22.1,100
maumere,-8.6256456,122.2192885,83.55,71,2.64,100
itarema,-2.9224684,-39.9152184,78.94,71,13.87,21
sao joao da barra,-21.6348588,-41.0487079,69.94,75,5.3,100
san juan,18.465299,-66.116666,75.31,90,5.01,87
salinopolis,-0.6259282,-47.3442819,77.65,88,7.83,100
goundam,16.4168533,-3.6636275,76.35,15,8.63,53
san vicente,6.2826869,-75.3317647,58.48,100,2.3,75
kruisfontein,-34.0119558,24.7433295,56.26,85,5.68,50
dakar,14.693425,-17.447938,78.93,83,2.3,0
haselunne,52.6718718,7.4830538,54.19,82,10.36,73
kayes,14.443406,-11.437914,83.12,23,5.64,19
ahumada,30.6128489,-106.5124032,68.94,25,5.95,100
gornyak,51.0004641,81.4638583,30.25,70,0.31,100
bad kreuznach,49.8431642,7.8657658,45.64,91,3.85,16
praya,14.9162811,-23.5095095,77.58,61,6.91,0
dukat,42.4367457,22.3110456,40.51,84,0.58,56
zapolyarnyy,69.426239,30.819939,27.52,91,2.73,98
abnub,27.269181,31.151736,61.02,56,5.97,64
gat,45.7023377,18.3246957,43.25,88,1.63,18
camana,-11.9873096,-73.1217654,73.42,68,3.56,98
karaton,-6.3423793,106.1044635,77.77,85,0.58,97
carupano,10.6493808,-63.2542332,76.21,87,5.21,54
tabas,33.596031,56.9247263,53.17,43,6.85,0
barreirinhas,-2.7541271,-42.8259693,78.24,83,9.35,92
nizhniy lomov,53.529991,43.673626,33.12,90,7.14,100
nelson bay,-32.7218138,152.1440889,71.08,70,11.99,50
aguililla,18.7373599,-102.7881334,70.23,90,4.43,3
guozhen,23.81932,120.606518,73.87,56,4.05,1
anadyr,64.7316875,177.5060925,25.38,92,15.66,75
moshupa,-24.778208,25.415537,63.07,95,5.46,92
maxixe,-11.0794887,-42.1315324,73.09,62,8.43,46
leningradskiy,54.129108,79.236702,27.32,89,3.85,92
sola,37.5666791,126.9782914,56.75,65,2.3,20
jumla,29.276848,82.1822622,47.77,40,2.89,0
kokopo,-4.3432175,152.2686741,86.11,66,9.55,94
honningsvag,70.9802638,25.977841,37.35,87,3.44,75
constitucion,-35.3318306,-72.4118998,55.47,77,8.68,99
kasama,36.3452244,140.3042261,64.24,45,4.65,0
beloha,-25.173662,45.0610399,70.75,85,3.8,7
mizan teferi,6.9952914,35.5868945,60.64,87,2.91,100
shenzhen,22.5445741,114.0545429,69.64,96,1.01,99
shingu,33.7241003,135.9930029,67.86,41,1.1,0
taoudenni,22.6762333,-3.9805269,72.52,19,9.98,52
devanhalli,13.2483502,77.7134377,64.51,100,3.44,0
kavieng,-2.573474,150.795224,83.95,70,5.03,100
namatanai,-3.6641739,152.4407285,84.61,72,6.64,99
kutum,14.2108373,24.649584,66.15,28,6.67,4
brae,60.3963461,-1.3536585,52.7,95,22.24,100
sterling,41.788253,-89.6953656,42.91,61,9.31,99
porto novo,6.4990718,2.6253361,82.18,89,3.42,56
mega,-0.6657147,131.9050124,84.22,70,3.56,100
dongfeng,42.764474,125.62412606874429,44.67,40,10.83,14
maniitsoq,65.4175454,-52.8967885,16.77,55,6.71,0
quelimane,-17.87751,36.890216,76.87,86,7.72,15
baia mare,47.6775425,23.620772353105927,47.1,100,0.0,75
paraiso,-21.015911,-48.776105,65.66,39,12.57,23
tarbes,43.232858,0.0781021,53.44,73,3.44,0
los llanos de aridane,28.6592222,-17.9151945,64.13,44,10.0,0
mehamn,71.0389923,27.8517589,33.75,93,9.22,40
nemuro,43.3301154,145.5829068,49.55,59,5.53,52
labuan,-0.6984869,119.8499296,86.14,64,2.21,93
potenza,40.6384046,15.8022077,45.63,89,1.45,0
natal,-5.805398,-35.2080905,75.85,88,3.44,20
bereda,11.2135,8.392556,67.08,28,3.89,67
dingle,11.0000758,122.6717839,85.17,76,8.7,98
sandnessjoen,66.0215451,12.6317232,28.92,62,4.83,0
buarcos,40.1649599,-8.8751034,63.66,88,14.18,100
shenjiamen,29.9479371,122.2798413,67.28,65,8.88,0
tubruq,32.0773764,23.9599988,67.6,68,15.86,2
paita,-5.0851637,-81.1136793,63.97,86,12.93,11
ust-kamchatsk,56.2400377,162.5369568,28.85,68,12.24,15
vila velha,-20.3297037,-40.2920174,72.95,81,0.67,16
el molino,10.6523076,-72.9215565,72.9,94,1.61,100
fonte boa,-2.55,-66.91321428571428,73.22,97,2.86,90
ierapetra,35.0080938,25.7391169,65.12,66,8.01,1
mys shmidta,68.8928813,-179.4130958,20.26,96,15.21,100
liverpool,53.4071991,-2.99168,52.61,87,17.27,20
dawei,14.0797232,98.1990191,82.62,62,3.89,61
dongsheng,39.822062,109.9576815,41.36,36,11.18,72
klaksvik,62.2266084,-6.5852705,49.24,91,36.8,100
medea,36.265344,2.766957,56.23,35,6.93,0
kieta,42.9997818,141.443687,50.88,51,3.0,96
dikson,73.5083894,80.5123816,6.44,95,7.49,100
russell,38.895289,-98.859806,44.69,56,12.35,69
hamilton,43.2560802,-79.8728583,41.54,66,10.04,4
puerto cabezas,14.0294451,-83.3831224,76.3,84,9.13,87
ferme-neuve,46.7010748,-75.4497514,38.21,63,12.01,53
baherden,38.4259972,57.429268303456624,40.57,60,2.35,4
wilmington,39.7459468,-75.546589,58.15,58,1.99,7
arsk,56.0909916,49.8771828,30.81,97,7.25,100
batemans bay,-35.7072183,150.178289,69.19,53,12.19,0
kloulklubed,7.0415131,134.2564595,86.32,69,3.65,100
caravelas,-17.7296514,-39.2660082,69.22,75,4.14,62
pahrump,36.2083012,-115.9839128,62.37,50,8.01,100
kulhudhuffushi,6.6233167,73.06946631896413,80.76,77,7.94,13
farmington,44.6402434,-93.1435497,34.81,71,7.63,100
paamiut,61.994618,-49.6659478,17.2,58,7.87,100
punta alta,-38.8804693,-62.0744033,69.87,39,16.71,19
garowe,8.406143,48.483195,70.9,86,8.5,1
stege,54.9863794,12.2861344,54.0,93,21.39,100
wawa,47.9929283,-84.7740199,30.74,74,5.95,6
pangnirtung,66.1480197,-65.7172826,5.63,61,6.38,59
dillon,45.2141249,-112.6346079,14.41,85,16.11,75
namibe,-15.195064,12.1458085,67.73,77,6.42,0
kadhan,24.4816963,68.9862376,73.13,48,7.0,0
luganville,-15.5121107,167.1784414,84.52,72,12.28,61
koumac,-20.5613596,164.2811715,78.84,79,15.61,100
byron bay,-28.6483333,153.6177778,65.95,82,5.01,95
port macquarie,-31.4299499,152.9103525,68.86,59,10.11,63
urumqi,43.419754,87.319461,36.48,44,2.75,1
urucara,-2.537073,-57.7590254,72.43,96,0.76,83
rosetta,31.404444,30.416389,70.02,62,17.11,57
lonevag,60.5255611,5.4956333,48.13,84,3.0,100
atar,20.5181943,-13.0543928,78.57,17,4.18,97
marsh harbour,26.5382728,-77.0610382,79.2,70,28.92,0
lompoc,34.6391501,-120.4579409,52.7,90,3.44,0
poya,-21.3463283,165.1590583,79.29,77,12.17,100
emerald,-23.5263118,148.1618622,79.3,45,8.72,66
illapel,-31.6326932,-71.1683039,61.47,78,3.04,76
ikalamavony,-21.1671472,46.5980166,66.54,88,3.06,100
barra patuca,15.8026938,-84.2967753,78.35,80,9.13,3
magnitogorsk,53.4242184,58.983136,27.03,74,2.24,75
carlagan,14.9763896,122.0433117,81.41,82,12.66,100
havoysund,70.9963105,24.6609576,37.63,70,9.31,13
nuuk,64.175029,-51.7355386,16.97,72,15.01,20
wamba,41.676222,-4.9172803,52.2,85,10.36,75
marcona,-15.2155331,-75.08303444567473,57.85,76,7.05,1
fukue,34.5263537,133.8031965,62.49,49,6.33,0
solone,48.20423,34.87713,34.81,78,5.08,76
neustadt,49.3539802,8.1350021,43.77,87,4.18,53
shostka,51.8643223,33.4728213,35.53,77,10.0,31
malia,35.2826677,25.462921,64.09,82,13.4,57
ust-nera,64.566376,143.237839,-16.89,97,4.7,86
inhambane,-23.865961,35.384363,75.65,86,8.57,21
manaia,-5.0231404,-39.0810817,74.79,77,5.99,99
suao,39.6095506,-8.7148271,59.11,92,7.2,100
cayenne,4.9371143,-52.3258307,75.22,94,0.0,0
albury,-36.0804766,146.9162795,77.11,64,5.46,6
atasu,40.813793,39.669979,48.58,77,3.56,100
alice springs,-23.6983884,133.8812885,90.95,17,5.75,60
san juan bautista,36.8455173,-121.537989,51.17,72,0.0,75
batagay,67.654907,134.635071,-2.43,95,3.24,100
krasnoselkup,65.704239,82.458855,21.18,96,5.57,100
felanitx,39.4731681,3.1476731,59.54,82,6.04,0
vila franca do campo,37.7171624,-25.4335352,60.19,80,8.9,100
glubokoe,50.1438305,82.3169517,29.89,93,4.47,100
rudnichnyy,59.698711,60.288403,28.2,87,6.53,100
elizabeth city,36.2956836,-76.2247697,65.71,84,8.05,0
mbigou,9.27504,13.7485501,76.75,36,0.85,100
itambacuri,-18.0391974,-41.6751876,65.28,85,6.78,93
forecariah,9.4300088,-13.0833859,76.77,91,2.95,100
rocha,-34.4810095,-54.3365608,53.01,95,5.57,0
taltal,-25.4078293,-70.4858424,60.57,79,3.11,13
kalaleh,37.3756726,55.4932947,46.44,70,3.71,9
mount pleasant,33.1570582,-94.9694007,69.64,94,6.91,100
san cristobal,7.7756663,-72.2214154,66.07,95,2.39,100
ouesso,3.4298329,14.564614,70.3,96,2.39,100
sechura,-5.5575353,-80.8223327,63.68,83,14.05,9
mahajanga,-15.7181492,46.3172577,77.02,83,2.3,40
beni,0.47606519999999997,29.189300190040722,62.94,100,1.39,100
mossoro,-5.1904332,-37.3443872,77.76,61,9.01,17
turukhansk,65.7934285,87.9589375,18.27,96,10.85,100
denpasar,-8.6524973,115.2191175,83.75,83,6.91,40
falealupo,-13.4992482,-172.7861622,81.3,76,14.67,100
pinega,64.697281,43.392376,36.09,99,6.35,100
el tigre,8.8856183,-64.2486608,79.63,69,5.19,96
maarianhamina,60.102423,19.94126,46.29,100,6.91,100
saumur,47.2596224,-0.0785177,51.3,61,18.5,93
zhigansk,66.76564,123.3741,-7.69,93,6.91,100
louisbourg,45.9234791,-59.9642959,51.64,83,11.01,68
gamba,28.2764084,88.5165114,29.53,32,4.41,6
wuwei,37.928881,102.6359886,44.4,34,4.81,10
aktash,50.3127248,87.6028375,33.98,89,3.89,100
jonkoping,57.7825634,14.165719,49.73,100,10.36,75
lamu,-2.2675396,40.9010641,77.23,88,9.31,30
mattru,7.6244395,-11.8332117,73.98,96,1.97,92
scarborough,54.2820009,-0.4011868,54.46,89,8.99,100
amapa,21.7844465,-105.254711,69.49,91,1.63,0
chernenko,47.2267964,37.7446031,42.67,84,10.58,63
aquiraz,-3.9063117,-38.387504,80.58,76,7.2,18
kazerun,29.6203251,51.6520826,62.87,43,3.83,100
shirokiy,53.8760748,39.1723357,36.63,84,10.49,100
cockburn town,21.4607723,-71.1399956,80.46,71,5.23,29
isangel,-19.5410863,169.2810885,79.9,75,9.46,100
roma,41.8933203,12.4829321,52.0,75,4.0,0
teguise,29.0592518,-13.5602184,60.8,88,8.05,4
iida,35.5147101,137.8219519,59.14,49,1.99,0
dera bugti,29.0334014,69.1500387,67.3,52,3.51,100
mmathubudukwane,-24.608786,26.433732,66.11,92,5.26,100
torrington,41.8006523,-73.1212214,52.47,45,10.0,0
mitzic,0.7825965,11.5485892,67.5,99,1.54,100
aksarka,66.5582332,67.8051987,18.64,98,3.09,98
khorixas,-20.37384,14.960421,63.36,50,0.92,0
boyolangu,-8.2106455,114.3178293,84.25,65,3.58,97
havre-saint-pierre,50.2463647,-63.6003951,43.68,68,24.99,35
galesong,-5.33422455,119.38098475983179,84.24,68,7.54,93
phuthaditjhaba,-28.534154,28.816303,57.22,88,2.42,100
axim,4.865362,-2.242169,77.97,86,3.29,100
nanyamba,-10.6908073,39.800234,67.71,98,1.95,96
olinda,-7.9986401,-34.8459552,80.62,74,2.3,40
vardo,70.3308174,30.961751972265887,32.68,93,6.91,100
staraya toropa,56.279961,31.667744,41.92,98,7.09,100
vostok,-10.0620702,-152.31258164405466,80.11,67,10.4,23
chanute,37.6792135,-95.4572034,57.7,41,8.05,100
unye,41.1262405,37.2853616,58.14,88,4.16,100
fallon,47.5075937,6.4807726,44.91,79,4.0,100
porto belo,-27.1542415,-48.5424395,63.84,83,10.94,1
nyurba,63.286648,118.354149,5.68,94,5.35,100
bathsheba,13.2129361,-59.5227245,82.8,78,19.57,75
vao,58.93963145,25.97080937451389,45.46,91,13.0,100
amur,54.0991107,61.5766083,19.56,94,5.26,96
thinadhoo,0.5326429,72.99714160821568,81.86,77,18.7,9
amalapuram,16.5777179,82.0032621,74.1,79,4.27,0
noumea,-22.2745264,166.442419,78.06,99,18.63,99
aflao,6.1160471,1.1914021,79.43,84,2.71,68
grindavik,63.844239,-22.4317498,41.32,93,13.8,75
swan river,52.1050567,-101.27054,17.49,93,12.28,100
carora,10.169534,-70.0728483,73.74,90,6.4,100
honiara,-9.4310769,159.9552552,85.98,73,7.05,43
cabedelo,-6.97324,-34.8351609,77.68,76,7.87,74
puerto del rosario,28.4993424,-13.8599051,71.55,83,12.66,75
chlorakas,34.7995901,32.4079198,58.12,82,5.75,0
afonso bezerra,-5.4745,-36.57625071327935,77.32,64,9.82,80
vigrestad,58.5712263,5.6897326,51.42,93,13.27,100
opuwo,-18.0550384,13.8387366,61.34,44,2.35,0
kungurtug,50.5986817,97.5254386,25.43,78,1.48,95
yanchukan,56.257603,112.813866,24.3,93,5.44,100
tasgaon,17.0375853,74.6024851,69.51,61,5.06,70
naze,5.4519997,7.0566745,74.59,89,3.89,97
srednekolymsk,67.455497,153.7071456,-0.11,96,10.47,100
zhuhai,22.273734,113.5721327,69.69,94,14.97,40
griffith,-34.2870772,146.0551022,76.53,43,6.89,0
pontal do parana,-25.574765,-48.3614806,63.75,81,8.03,35
hoquiam,46.980929,-123.889335,41.54,92,11.5,100
nortelandia,-14.4518972,-56.8043752,72.64,41,1.7,0
prince rupert,54.3126572,-130.32549,23.65,50,8.23,0
kysyl-syr,63.898602,122.771309,-13.95,96,3.89,31
colares,-0.936423,-48.280254,75.83,89,5.73,100
praia da vitoria,38.739237599999996,-27.156264396780458,58.62,82,10.65,97
bay roberts,47.575924,-53.2833409,57.58,96,11.99,100
suntar,62.157455,117.646332,16.61,94,3.33,100
abu samrah,24.20057405,55.39905220606245,77.9,55,6.15,1
pappinisseri,11.9443193,75.344481,74.55,69,4.23,25
wajima,37.3905644,136.8994281,60.13,70,15.7,83
leshukonskoye,64.902481,45.767242,35.29,99,5.48,100
usinsk,65.995731,57.5571267,25.95,96,13.02,100
waupun,43.633216,-88.7296352,39.11,64,6.42,51
salamiyah,35.011746,37.0546349,56.62,77,5.37,100
nemencine,54.8476292,25.4689647,45.61,88,8.12,100
capim grosso,-11.3793228,-40.0112095,69.87,76,8.59,25
mianyang,31.4627341,104.7463432,62.85,70,1.45,92
yenagoa,4.9334651,6.2747786,76.5,88,3.42,100
kirakira,-10.4568963,161.9201736,84.56,77,7.58,24
sobolevo,55.5204405,38.7062515,36.95,93,8.75,100
tokonou,9.6546735,-9.776064,73.81,71,1.16,66
yanan,13.48431,44.056658,55.24,71,5.23,0
turan,52.1458093,93.9186434,27.27,94,1.1,100
ust-barguzin,53.4107168,109.0311228,33.04,68,8.14,100
gigmoto,13.7786693,124.3911728,84.36,76,8.08,100
mastic beach,40.765722,-72.836722,62.64,36,11.5,0
arkhara,49.4224283,130.0858308,33.35,54,4.65,41
nantucket,41.315731400000004,-70.00901408779944,62.11,76,12.66,0
skawina,49.9747508,19.8265702,41.99,83,2.3,100
tamale,9.4051992,-0.8423986,75.69,24,4.23,35
deniliquin,-35.5302183,144.9597178,75.96,50,6.98,1
toro,41.5216963,-5.3939824,55.11,85,17.47,35
tire,46.55,-1.0061111,55.98,73,15.79,70
tiznit,29.698624,-9.7312815,68.65,41,3.31,90
dauriya,25.0997254,79.3985716,69.82,54,5.55,100
champoton,19.3439655,-90.7242742,78.57,78,9.55,7
banyo,6.748547,11.8045776,65.23,68,2.19,95
toora-khem,52.4679232,96.117896,25.74,91,0.85,100
mgandu,-4.5086564,38.0830353,69.13,92,2.39,39
holysov,49.5936108,13.1012935,40.32,93,4.32,18
zhoucheng,31.3538318,119.3273624,68.79,53,7.25,1
sinnamary,5.3770561,-52.9571586,76.95,89,6.35,99
saint-joseph,49.5344534,-1.529802,55.96,82,20.71,75
fare,45.90802,13.5165379,47.86,94,3.44,37
kaeo,-35.1017438,173.7751075,64.45,92,12.01,100
buraydah,26.331667,43.971667,66.47,49,7.87,0
valparaiso,-33.0458456,-71.6196749,54.84,94,4.61,100
ybycui,-26.0186949,-57.0178207,63.52,54,5.28,51
pyrzyce,53.1457,14.89267,49.37,90,9.86,83
